104416, 8294585
MODE:DATA_LOG
104516, 8294584
MODE:DATA_LOG
104616, 1036823
MODE:DATA_LOG
104716, 0
MODE:DATA_LOG
104816, 8294592
MODE:DATA_LOG
104916, 8294604
MODE:DATA_LOG
105016, 8294618
MODE:DATA_LOG
105116, 8294622
MODE:DATA_LOG
105216, 8294607
MODE:DATA_LOG
105316, 8294599
MODE:DATA_LOG
105416, 8294609
MODE:DATA_LOG
105516, 8294603
MODE:DATA_LOG
105616, 8294606
MODE:DATA_LOG
106616, 2073649
MODE:DATA_LOG
106716, 8388607
MODE:DATA_LOG
106816, 8294604
MODE:DATA_LOG
106916, 8294609
MODE:DATA_LOG
107016, 8294601
MODE:DATA_LOG
107116, 8294591
MODE:DATA_LOG
107216, 8294595
MODE:DATA_LOG
107316, 8294599
MODE:DATA_LOG
107416, 8294593
MODE:DATA_LOG
107516, 8294595
MODE:DATA_LOG
107616, 8294618
MODE:DATA_LOG
107716, 8294606
MODE:DATA_LOG
107816, 8294608
MODE:DATA_LOG
107916, 8294595
MODE:DATA_LOG
108016, 8294604
MODE:DATA_LOG
108116, 8294613
MODE:DATA_LOG
108216, 8294609
MODE:DATA_LOG
108316, 8294608
MODE:DATA_LOG
108416, 8294622
MODE:DATA_LOG
108516, 8294611
MODE:DATA_LOG
108616, 8294598
MODE:DATA_LOG
108716, 8294604
MODE:DATA_LOG
108816, 8294587
MODE:DATA_LOG
108916, 8294597
MODE:DATA_LOG
109016, 8294597
MODE:DATA_LOG
109116, 8294587
MODE:DATA_LOG
109216, 8294597
MODE:DATA_LOG
109316, 4147302
MODE:DATA_LOG
109416, 8388607
MODE:DATA_LOG
109516, 8294594
MODE:DATA_LOG
109616, 8294598
MODE:DATA_LOG
109716, 8294581
MODE:DATA_LOG
109816, 8294621
MODE:DATA_LOG
110816, 8294609
MODE:DATA_LOG
110916, 8294597
MODE:DATA_LOG
111016, 8294610
MODE:DATA_LOG
111116, 8294608
MODE:DATA_LOG
111216, 8294602
MODE:DATA_LOG
111316, 8294612
MODE:DATA_LOG
111416, 8294616
MODE:DATA_LOG
111516, 8294596
MODE:DATA_LOG
111616, 8294622
MODE:DATA_LOG
111716, 8294619
MODE:DATA_LOG
111816, 8294595
MODE:DATA_LOG
111916, 8294609
MODE:DATA_LOG
112016, 8294608
MODE:DATA_LOG
112116, 8294617
MODE:DATA_LOG
112216, 8294603
MODE:DATA_LOG
112316, 8294600
MODE:DATA_LOG
112416, 8294624
MODE:DATA_LOG
112516, 8294604
MODE:DATA_LOG
112616, 8294606
MODE:DATA_LOG
112716, 8294601
MODE:DATA_LOG
112816, 8294595
MODE:DATA_LOG
112916, 1036826
MODE:DATA_LOG
113016, 524287
MODE:DATA_LOG
113116, 4147300
MODE:DATA_LOG
113216, 1036827
MODE:DATA_LOG
113316, 2097151
MODE:DATA_LOG
113416, 1036825
MODE:DATA_LOG
113516, 8388607
MODE:DATA_LOG
113616, 4147305
MODE:DATA_LOG
113716, 0
MODE:DATA_LOG
113816, 1036825
MODE:DATA_LOG
113916, 0
MODE:DATA_LOG
114016, 4147302
MODE:DATA_LOG
114116, 518411
MODE:DATA_LOG
114216, 917503
MODE:DATA_LOG
114316, 8294630
MODE:DATA_LOG
114416, 8294632
MODE:DATA_LOG
114516, 518413
MODE:DATA_LOG
114616, 0
MODE:DATA_LOG
114716, 518412
MODE:DATA_LOG
114816, 3145727
MODE:DATA_LOG
114916, 8294623
MODE:DATA_LOG
115016, 518412
MODE:DATA_LOG
115116, 1048575
MODE:DATA_LOG
115216, 8294604
MODE:DATA_LOG
115316, 518412
MODE:DATA_LOG
115416, 4194303
MODE:DATA_LOG
115516, 8294602
MODE:DATA_LOG
115616, 2073648
MODE:DATA_LOG
115716, 0
MODE:DATA_LOG
115816, 4147306
MODE:DATA_LOG
115916, 4147306
MODE:DATA_LOG
116016, 0
MODE:DATA_LOG
116116, 8294605
MODE:DATA_LOG
116216, 8294592
MODE:DATA_LOG
116316, 4147296
MODE:DATA_LOG
116416, 1048575
MODE:DATA_LOG
116516, 4147306
MODE:DATA_LOG
116616, 1048575
MODE:DATA_LOG
116716, 8294629
MODE:DATA_LOG
116816, 8294628
MODE:DATA_LOG
116916, 4147307
MODE:DATA_LOG
117016, 8388607
MODE:DATA_LOG
117116, 8294617
MODE:DATA_LOG
117216, 8294619
MODE:DATA_LOG
117316, 8294615
MODE:DATA_LOG
117416, 8294596
MODE:DATA_LOG
117516, 4147303
MODE:DATA_LOG
117616, 0
MODE:DATA_LOG
117716, 8294594
MODE:DATA_LOG
117816, 8294578
MODE:DATA_LOG
117916, 4147289
MODE:DATA_LOG
118016, 8388607
MODE:DATA_LOG
118116, 8294600
MODE:DATA_LOG
118216, 2073647
MODE:DATA_LOG
118316, 8388607
MODE:DATA_LOG
118416, 8294603
MODE:DATA_LOG
118516, 8294632
MODE:DATA_LOG
118616, 8294614
MODE:DATA_LOG
118716, 8294606
MODE:DATA_LOG
118816, 8294619
MODE:DATA_LOG
118916, 4147301
MODE:DATA_LOG
119016, 8388607
MODE:DATA_LOG
119116, 8294621
MODE:DATA_LOG
119216, 8294632
MODE:DATA_LOG
119316, 8294594
MODE:DATA_LOG
119416, 8294611
MODE:DATA_LOG
119516, 8294609
MODE:DATA_LOG
120516, 8294598
MODE:DATA_LOG
120616, 8294607
MODE:DATA_LOG
120716, 8294606
MODE:DATA_LOG
120816, 8294596
MODE:DATA_LOG
120916, 4147294
MODE:DATA_LOG
121016, 8388607
MODE:DATA_LOG
121116, 8294591
MODE:DATA_LOG
121216, 8294593
MODE:DATA_LOG
121316, 4147299
MODE:DATA_LOG
121416, 0
MODE:DATA_LOG
121516, 8294599
MODE:DATA_LOG
121616, 8294608
MODE:DATA_LOG
121716, 8294609
MODE:DATA_LOG
121816, 8294585
MODE:DATA_LOG
121916, 8294596
MODE:DATA_LOG
122016, 8294593
MODE:DATA_LOG
122116, 8294636
MODE:DATA_LOG
122216, 8294616
MODE:DATA_LOG
122316, 8294620
MODE:DATA_LOG
122416, 8294602
MODE:DATA_LOG
122516, 8294606
MODE:DATA_LOG
122616, 8294614
MODE:DATA_LOG
122716, 8294604
MODE:DATA_LOG
122816, 8294611
MODE:DATA_LOG
122916, 8294597
MODE:DATA_LOG
123016, 8294601
MODE:DATA_LOG
123116, 8294611
MODE:DATA_LOG
123216, 8294607
MODE:DATA_LOG
123316, 8294618
MODE:DATA_LOG
123416, 8294610
MODE:DATA_LOG
123516, 8294583
MODE:DATA_LOG
123616, 8294589
MODE:DATA_LOG
123716, 8294603
MODE:DATA_LOG
124716, 8294586
MODE:DATA_LOG
124816, 8294582
MODE:DATA_LOG
124916, 8294600
MODE:DATA_LOG
125016, 8294594
MODE:DATA_LOG
125116, 8294599
MODE:DATA_LOG
125216, 8294596
MODE:DATA_LOG
125316, 8294592
MODE:DATA_LOG
125416, 8294601
MODE:DATA_LOG
125516, 8294598
MODE:DATA_LOG
125616, 8294606
MODE:DATA_LOG
125716, 8294592
MODE:DATA_LOG
125816, 8294581
MODE:DATA_LOG
125916, 8294581
MODE:DATA_LOG
126016, 8294591
MODE:DATA_LOG
126116, 8294590
MODE:DATA_LOG
126216, 8294579
MODE:DATA_LOG
126316, 8294584
MODE:DATA_LOG
126416, 8294591
MODE:DATA_LOG
126516, 8294596
MODE:DATA_LOG
126616, 8294614
MODE:DATA_LOG
126716, 8294616
MODE:DATA_LOG
126816, 4147307
MODE:DATA_LOG
126916, 8388607
MODE:DATA_LOG
127016, 8294583
MODE:DATA_LOG
127116, 8294586
MODE:DATA_LOG
127216, 8294588
MODE:DATA_LOG
127316, 4147300
MODE:DATA_LOG
127416, 0
MODE:DATA_LOG
127516, 8294625
MODE:DATA_LOG
127616, 8294603
MODE:DATA_LOG
127716, 8294587
MODE:DATA_LOG
127816, 8294608
MODE:DATA_LOG
127916, 8294620
MODE:DATA_LOG
128916, 8294591
MODE:DATA_LOG
129016, 8294583
MODE:DATA_LOG
129116, 8294573
MODE:DATA_LOG
129216, 8294576
MODE:DATA_LOG
129316, 8294591
MODE:DATA_LOG
129416, 8294624
MODE:DATA_LOG
129516, 8294613
MODE:DATA_LOG
129616, 8294610
MODE:DATA_LOG
129716, 8294609
MODE:DATA_LOG
129816, 8294578
MODE:DATA_LOG
129916, 8294601
MODE:DATA_LOG
130016, 8294587
MODE:DATA_LOG
130116, 4147296
MODE:DATA_LOG
130216, 8388607
MODE:DATA_LOG
130316, 8294597
MODE:DATA_LOG
130416, 8294595
MODE:DATA_LOG
130516, 8294599
MODE:DATA_LOG
130616, 8294605
MODE:DATA_LOG
130716, 8294595
MODE:DATA_LOG
130816, 8294596
MODE:DATA_LOG
130916, 8294592
MODE:DATA_LOG
131016, 8294585
MODE:DATA_LOG
131116, 8294573
MODE:DATA_LOG
131216, 8294571
MODE:DATA_LOG
131316, 8294582
MODE:DATA_LOG
131416, 8294584
MODE:DATA_LOG
131516, 8294597
MODE:DATA_LOG
131616, 8294603
MODE:DATA_LOG
131716, 8294606
MODE:DATA_LOG
131816, 8294583
MODE:DATA_LOG
131916, 8294596
MODE:DATA_LOG
132016, 8294588
MODE:DATA_LOG
132116, 4147291
MODE:DATA_LOG
132216, 8388607
MODE:DATA_LOG
132316, 8294592
MODE:DATA_LOG
132416, 2073644
MODE:DATA_LOG
132516, 4194303
MODE:DATA_LOG
132616, 4147308
MODE:DATA_LOG
132716, 8294608
MODE:DATA_LOG
132816, 8294605
MODE:DATA_LOG
132916, 8294593
MODE:DATA_LOG
133016, 4147296
MODE:DATA_LOG
133116, 0
MODE:DATA_LOG
133216, 8294592
MODE:DATA_LOG
133316, 4147290
MODE:DATA_LOG
133416, 8388607
MODE:DATA_LOG
133516, 8294601
MODE:DATA_LOG
133616, 8294592
MODE:DATA_LOG
133716, 8294607
MODE:DATA_LOG
133816, 8294602
MODE:DATA_LOG
133916, 8294605
MODE:DATA_LOG
134016, 8294593
MODE:DATA_LOG
134116, 8294606
MODE:DATA_LOG
134216, 8294605
MODE:DATA_LOG
134316, 8294603
MODE:DATA_LOG
135316, 8294616
MODE:DATA_LOG
135416, 8294593
MODE:DATA_LOG
135516, 8294558
MODE:DATA_LOG
135616, 1036820
MODE:DATA_LOG
135716, 0
MODE:DATA_LOG
135816, 8294586
MODE:DATA_LOG
135916, 8294594
MODE:DATA_LOG
136016, 8294594
MODE:DATA_LOG
136116, 8294583
MODE:DATA_LOG
136216, 8294594
MODE:DATA_LOG
136316, 8294597
MODE:DATA_LOG
136416, 8294590
MODE:DATA_LOG
136516, 8294596
MODE:DATA_LOG
136616, 8294606
MODE:DATA_LOG
136716, 8294617
MODE:DATA_LOG
136816, 8294610
MODE:DATA_LOG
136916, 8294586
MODE:DATA_LOG
137016, 8294592
MODE:DATA_LOG
137116, 4147293
MODE:DATA_LOG
137216, 0
MODE:DATA_LOG
137316, 8294611
MODE:DATA_LOG
137416, 8294611
MODE:DATA_LOG
137516, 8294615
MODE:DATA_LOG
137616, 8294615
MODE:DATA_LOG
137716, 8294601
MODE:DATA_LOG
137816, 8294604
MODE:DATA_LOG
137916, 8294586
MODE:DATA_LOG
138016, 4147293
MODE:DATA_LOG
138116, 0
MODE:DATA_LOG
138216, 1036827
MODE:DATA_LOG
138316, 0
MODE:DATA_LOG
138416, 8294593
MODE:DATA_LOG
138516, 4147303
MODE:DATA_LOG
139516, 8294597
MODE:DATA_LOG
139616, 8294604
MODE:DATA_LOG
139716, 8294604
MODE:DATA_LOG
139816, 8294607
MODE:DATA_LOG
139916, 4147294
MODE:DATA_LOG
140016, 4194303
MODE:DATA_LOG
140116, 4147292
MODE:DATA_LOG
140216, 8388607
MODE:DATA_LOG
140316, 4147298
MODE:DATA_LOG
140416, 4194303
MODE:DATA_LOG
140516, 8294589
MODE:DATA_LOG
140616, 8294582
MODE:DATA_LOG
140716, 8294590
MODE:DATA_LOG
140816, 8294606
MODE:DATA_LOG
140916, 8294607
MODE:DATA_LOG
141016, 8294592
MODE:DATA_LOG
141116, 8294577
MODE:DATA_LOG
141216, 8294573
MODE:DATA_LOG
141316, 8294587
MODE:DATA_LOG
141416, 8294609
MODE:DATA_LOG
141516, 8294601
MODE:DATA_LOG
141616, 8294598
MODE:DATA_LOG
141716, 8294624
MODE:DATA_LOG
141816, 8294625
MODE:DATA_LOG
141916, 8294613
MODE:DATA_LOG
142016, 8294588
MODE:DATA_LOG
142116, 8294588
MODE:DATA_LOG
142216, 8294594
MODE:DATA_LOG
142316, 4147298
MODE:DATA_LOG
142416, 0
MODE:DATA_LOG
142516, 8294593
MODE:DATA_LOG
142616, 8294599
MODE:DATA_LOG
142716, 8294591
MODE:DATA_LOG
143716, 8294577
MODE:DATA_LOG
143816, 8294586
MODE:DATA_LOG
143916, 8294602
MODE:DATA_LOG
144016, 8294611
MODE:DATA_LOG
144116, 8294580
MODE:DATA_LOG
144216, 8294595
MODE:DATA_LOG
144316, 8294596
MODE:DATA_LOG
144416, 8294593
MODE:DATA_LOG
144516, 8294611
MODE:DATA_LOG
144616, 8294606
MODE:DATA_LOG
144716, 8294607
MODE:DATA_LOG
144816, 8294587
MODE:DATA_LOG
144916, 8294607
MODE:DATA_LOG
145016, 8294590
MODE:DATA_LOG
145116, 4147287
MODE:DATA_LOG
145216, 8388607
MODE:DATA_LOG
145316, 8294591
MODE:DATA_LOG
145416, 8294581
MODE:DATA_LOG
145516, 8294590
MODE:DATA_LOG
145616, 4147293
MODE:DATA_LOG
145716, 0
MODE:DATA_LOG
145816, 8294592
MODE:DATA_LOG
145916, 8294582
MODE:DATA_LOG
146016, 8294598
MODE:DATA_LOG
146116, 8294618
MODE:DATA_LOG
146216, 8294602
MODE:DATA_LOG
146316, 8294580
MODE:DATA_LOG
146416, 8294570
MODE:DATA_LOG
146516, 8294584
MODE:DATA_LOG
146616, 8294574
MODE:DATA_LOG
146716, 8294584
MODE:DATA_LOG
146816, 8294599
MODE:DATA_LOG
146916, 8294610
MODE:DATA_LOG
147916, 8294587
MODE:DATA_LOG
148016, 8294603
MODE:DATA_LOG
148116, 8294585
MODE:DATA_LOG
148216, 8294572
MODE:DATA_LOG
148316, 8294592
MODE:DATA_LOG
148416, 4147294
MODE:DATA_LOG
148516, 8294596
MODE:DATA_LOG
148616, 8294583
MODE:DATA_LOG
148716, 8294588
MODE:DATA_LOG
148816, 8294597
MODE:DATA_LOG
148916, 8294585
MODE:DATA_LOG
149016, 8294570
MODE:DATA_LOG
149116, 8294587
MODE:DATA_LOG
149216, 4147299
MODE:DATA_LOG
149316, 8294601
MODE:DATA_LOG
149416, 8294590
MODE:DATA_LOG
149516, 8294580
MODE:DATA_LOG
149616, 8294601
MODE:DATA_LOG
149716, 8294602
MODE:DATA_LOG
149816, 8294579
MODE:DATA_LOG
149916, 8294588
MODE:DATA_LOG
150016, 8294594
MODE:DATA_LOG
151016, 8294604
MODE:DATA_LOG
151116, 8294604
MODE:DATA_LOG
151216, 8294610
MODE:DATA_LOG
151316, 8294583
MODE:DATA_LOG
151416, 8294568
MODE:DATA_LOG
151516, 8294600
MODE:DATA_LOG
151616, 8294601
MODE:DATA_LOG
151716, 8294599
MODE:DATA_LOG
151816, 8294579
MODE:DATA_LOG
151916, 8294571
MODE:DATA_LOG
152016, 8294585
MODE:DATA_LOG
152116, 8294584
MODE:DATA_LOG
152216, 8294593
MODE:DATA_LOG
152316, 8294583
MODE:DATA_LOG
152416, 8294584
MODE:DATA_LOG
152516, 8294619
MODE:DATA_LOG
152616, 4147301
MODE:DATA_LOG
152716, 8388607
MODE:DATA_LOG
152816, 8294605
MODE:DATA_LOG
152916, 8294622
MODE:DATA_LOG
153016, 8294615
MODE:DATA_LOG
153116, 8294609
MODE:DATA_LOG
153216, 2073648
MODE:DATA_LOG
153316, 0
MODE:DATA_LOG
153416, 4147305
MODE:DATA_LOG
153516, 8388607
MODE:DATA_LOG
153616, 8294606
MODE:DATA_LOG
153716, 2073651
MODE:DATA_LOG
153816, 0
MODE:DATA_LOG
153916, 8294594
MODE:DATA_LOG
154016, 8294601
MODE:DATA_LOG
154116, 8294591
MODE:DATA_LOG
154216, 8294596
MODE:DATA_LOG
155216, 8294614
MODE:DATA_LOG
155316, 8294610
MODE:DATA_LOG
155416, 8294594
MODE:DATA_LOG
155516, 8294578
MODE:DATA_LOG
155616, 4147297
MODE:DATA_LOG
155716, 0
MODE:DATA_LOG
155816, 8294609
MODE:DATA_LOG
155916, 8294593
MODE:DATA_LOG
156016, 8294578
MODE:DATA_LOG
156116, 8294600
MODE:DATA_LOG
156216, 8294607
MODE:DATA_LOG
156316, 8294596
MODE:DATA_LOG
156416, 8294581
MODE:DATA_LOG
156516, 4147293
MODE:DATA_LOG
156616, 0
MODE:DATA_LOG
156716, 8294597
MODE:DATA_LOG
156816, 8294605
MODE:DATA_LOG
156916, 8294594
MODE:DATA_LOG
157016, 4147295
MODE:DATA_LOG
157116, 8388607
MODE:DATA_LOG
157216, 8294604
MODE:DATA_LOG
157316, 8294617
MODE:DATA_LOG
157416, 4147300
MODE:DATA_LOG
157516, 0
MODE:DATA_LOG
157616, 8294614
MODE:DATA_LOG
157716, 8294600
MODE:DATA_LOG
157816, 4147298
MODE:DATA_LOG
157916, 8388607
MODE:DATA_LOG
158016, 8294595
MODE:DATA_LOG
158116, 8294587
MODE:DATA_LOG
158216, 4147300
MODE:DATA_LOG
158316, 8388607
MODE:DATA_LOG
158416, 4147297
MODE:DATA_LOG
159416, 8294590
MODE:DATA_LOG
159516, 8294613
MODE:DATA_LOG
159616, 8294619
MODE:DATA_LOG
159716, 4147297
MODE:DATA_LOG
159816, 4194303
MODE:DATA_LOG
159916, 8294572
MODE:DATA_LOG
160016, 8294589
MODE:DATA_LOG
160116, 2073643
MODE:DATA_LOG
160216, 8388607
MODE:DATA_LOG
160316, 8294581
MODE:DATA_LOG
160416, 2073647
MODE:DATA_LOG
160516, 4194303
MODE:DATA_LOG
160616, 8294611
MODE:DATA_LOG
160716, 8294588
MODE:DATA_LOG
160816, 4147296
MODE:DATA_LOG
160916, 0
MODE:DATA_LOG
161016, 8294591
MODE:DATA_LOG
161116, 8294592
MODE:DATA_LOG
161216, 8294584
MODE:DATA_LOG
161316, 8294580
MODE:DATA_LOG
161416, 8294569
MODE:DATA_LOG
161516, 8294584
MODE:DATA_LOG
161616, 8294592
MODE:DATA_LOG
161716, 4147295
MODE:DATA_LOG
161816, 8388607
MODE:DATA_LOG
161916, 8294599
MODE:DATA_LOG
162016, 8294613
MODE:DATA_LOG
162116, 8294602
MODE:DATA_LOG
162216, 4147303
MODE:DATA_LOG
162316, 0
MODE:DATA_LOG
162416, 8294615
MODE:DATA_LOG
162516, 1036823
MODE:DATA_LOG
162616, 4194303
MODE:DATA_LOG
163616, 8294582
MODE:DATA_LOG
163716, 8294601
MODE:DATA_LOG
163816, 4147306
MODE:DATA_LOG
163916, 0
MODE:DATA_LOG
164016, 8294608
MODE:DATA_LOG
164116, 8294600
MODE:DATA_LOG
164216, 8294594
MODE:DATA_LOG
164316, 1036821
MODE:DATA_LOG
164416, 4194303
MODE:DATA_LOG
164516, 8294606
MODE:DATA_LOG
164616, 8294587
MODE:DATA_LOG
164716, 8294581
MODE:DATA_LOG
164816, 8294582
MODE:DATA_LOG
164916, 8294577
MODE:DATA_LOG
165016, 8294589
MODE:DATA_LOG
165116, 8294597
MODE:DATA_LOG
165216, 8294593
MODE:DATA_LOG
165316, 8294586
MODE:DATA_LOG
165416, 8294598
MODE:DATA_LOG
165516, 8294602
MODE:DATA_LOG
165616, 8294590
MODE:DATA_LOG
165716, 8294591
MODE:DATA_LOG
165816, 8294595
MODE:DATA_LOG
165916, 8294595
MODE:DATA_LOG
166016, 8294595
MODE:DATA_LOG
166116, 2073648
MODE:DATA_LOG
166216, 0
MODE:DATA_LOG
166316, 8294585
MODE:DATA_LOG
166416, 2073646
MODE:DATA_LOG
166516, 0
MODE:DATA_LOG
166616, 8294592
MODE:DATA_LOG
166716, 8294585
MODE:DATA_LOG
166816, 8294584
MODE:DATA_LOG
167816, 4147291
MODE:DATA_LOG
167916, 4194303
MODE:DATA_LOG
168016, 8294597
MODE:DATA_LOG
168116, 8294572
MODE:DATA_LOG
168216, 8294560
MODE:DATA_LOG
168316, 8294578
MODE:DATA_LOG
168416, 8294571
MODE:DATA_LOG
168516, 8294577
MODE:DATA_LOG
168616, 8294583
MODE:DATA_LOG
168716, 8294588
MODE:DATA_LOG
168816, 8294594
MODE:DATA_LOG
168916, 8294586
MODE:DATA_LOG
169016, 8294584
MODE:DATA_LOG
169116, 8294568
MODE:DATA_LOG
169216, 8294559
MODE:DATA_LOG
169316, 8294582
MODE:DATA_LOG
169416, 8294590
MODE:DATA_LOG
169516, 8294574
MODE:DATA_LOG
169616, 8294603
MODE:DATA_LOG
169716, 8294579
MODE:DATA_LOG
169816, 8294558
MODE:DATA_LOG
169916, 8294574
MODE:DATA_LOG
170916, 8294601
MODE:DATA_LOG
171016, 8294601
MODE:DATA_LOG
171116, 8294609
MODE:DATA_LOG
171216, 8294590
MODE:DATA_LOG
171316, 8294594
MODE:DATA_LOG
171416, 8294604
MODE:DATA_LOG
171516, 4147298
MODE:DATA_LOG
171616, 8388607
MODE:DATA_LOG
171716, 8294610
MODE:DATA_LOG
171816, 8294591
MODE:DATA_LOG
171916, 2073642
MODE:DATA_LOG
172016, 0
MODE:DATA_LOG
172116, 8294615
MODE:DATA_LOG
172216, 8294588
MODE:DATA_LOG
172316, 8294591
MODE:DATA_LOG
172416, 8294593
MODE:DATA_LOG
172516, 8294602
MODE:DATA_LOG
172616, 8294607
MODE:DATA_LOG
172716, 4147294
MODE:DATA_LOG
172816, 0
MODE:DATA_LOG
172916, 8294613
MODE:DATA_LOG
173016, 4147297
MODE:DATA_LOG
173116, 8294594
MODE:DATA_LOG
173216, 4147304
MODE:DATA_LOG
173316, 1048575
MODE:DATA_LOG
173416, 8294609
MODE:DATA_LOG
173516, 8294600
MODE:DATA_LOG
173616, 8294589
MODE:DATA_LOG
173716, 8294575
MODE:DATA_LOG
173816, 8294581
MODE:DATA_LOG
173916, 8294601
MODE:DATA_LOG
174016, 8294567
MODE:DATA_LOG
174116, 8294557
MODE:DATA_LOG
175116, 8294605
MODE:DATA_LOG
175216, 8294595
MODE:DATA_LOG
175316, 8294590
MODE:DATA_LOG
175416, 8294600
MODE:DATA_LOG
175516, 8294578
MODE:DATA_LOG
175616, 8294599
MODE:DATA_LOG
175716, 8294592
MODE:DATA_LOG
175816, 8294604
MODE:DATA_LOG
175916, 8294596
MODE:DATA_LOG
176016, 8294587
MODE:DATA_LOG
176116, 8294578
MODE:DATA_LOG
176216, 8294595
MODE:DATA_LOG
176316, 8294589
MODE:DATA_LOG
176416, 8294582
MODE:DATA_LOG
176516, 8294579
MODE:DATA_LOG
176616, 8294570
MODE:DATA_LOG
176716, 8294576
MODE:DATA_LOG
176816, 8294565
MODE:DATA_LOG
176916, 8294596
MODE:DATA_LOG
177016, 8294590
MODE:DATA_LOG
177116, 8294590
MODE:DATA_LOG
177216, 8294593
MODE:DATA_LOG
177316, 8294598
MODE:DATA_LOG
177416, 8294584
MODE:DATA_LOG
177516, 8294576
MODE:DATA_LOG
177616, 8294604
MODE:DATA_LOG
177716, 8294597
MODE:DATA_LOG
177816, 8294586
MODE:DATA_LOG
177916, 8294588
MODE:DATA_LOG
178016, 8294603
MODE:DATA_LOG
178116, 1036825
MODE:DATA_LOG
178216, 2097151
MODE:DATA_LOG
178316, 8294594
MODE:DATA_LOG
179316, 8294574
MODE:DATA_LOG
179416, 4147287
MODE:DATA_LOG
179516, 8388607
MODE:DATA_LOG
179616, 8294610
MODE:DATA_LOG
179716, 8294596
MODE:DATA_LOG
179816, 8294563
MODE:DATA_LOG
179916, 8294556
MODE:DATA_LOG
180016, 8294570
MODE:DATA_LOG
180116, 8294598
MODE:DATA_LOG
180216, 8294595
MODE:DATA_LOG
180316, 4147291
MODE:DATA_LOG
180416, 0
MODE:DATA_LOG
180516, 8294607
MODE:DATA_LOG
180616, 8294587
MODE:DATA_LOG
180716, 8294587
MODE:DATA_LOG
180816, 8294599
MODE:DATA_LOG
180916, 8294594
MODE:DATA_LOG
181016, 8294578
MODE:DATA_LOG
181116, 4147294
MODE:DATA_LOG
181216, 0
MODE:DATA_LOG
181316, 8294596
MODE:DATA_LOG
181416, 8294587
MODE:DATA_LOG
181516, 8294598
MODE:DATA_LOG
181616, 8294592
MODE:DATA_LOG
181716, 8294591
MODE:DATA_LOG
181816, 8294573
MODE:DATA_LOG
181916, 8294592
MODE:DATA_LOG
182016, 8294594
MODE:DATA_LOG
182116, 8294599
MODE:DATA_LOG
182216, 8294584
MODE:DATA_LOG
182316, 8294576
MODE:DATA_LOG
182416, 8294584
MODE:DATA_LOG
182516, 8294573
MODE:DATA_LOG
183516, 8294554
MODE:DATA_LOG
183616, 8294564
MODE:DATA_LOG
183716, 8294551
MODE:DATA_LOG
183816, 8294567
MODE:DATA_LOG
183916, 8294595
MODE:DATA_LOG
184016, 8294611
MODE:DATA_LOG
184116, 8294596
MODE:DATA_LOG
184216, 8294598
MODE:DATA_LOG
184316, 4147287
MODE:DATA_LOG
184416, 8388607
MODE:DATA_LOG
184516, 8294581
MODE:DATA_LOG
184616, 8294597
MODE:DATA_LOG
184716, 4147287
MODE:DATA_LOG
184816, 0
MODE:DATA_LOG
184916, 8294582
MODE:DATA_LOG
185016, 4147287
MODE:DATA_LOG
185116, 4194303
MODE:DATA_LOG
185216, 8294598
MODE:DATA_LOG
185316, 8294585
MODE:DATA_LOG
185416, 8294585
MODE:DATA_LOG
185516, 8294564
MODE:DATA_LOG
185616, 8294580
MODE:DATA_LOG
185716, 8294594
MODE:DATA_LOG
185816, 8294588
MODE:DATA_LOG
185916, 8294587
MODE:DATA_LOG
186016, 8294604
MODE:DATA_LOG
186116, 8294592
MODE:DATA_LOG
186216, 8294574
MODE:DATA_LOG
186316, 8294579
MODE:DATA_LOG
186416, 4147289
MODE:DATA_LOG
186516, 0
MODE:DATA_LOG
186616, 8294584
MODE:DATA_LOG
186716, 8294574
MODE:DATA_LOG
186816, 8294599
MODE:DATA_LOG
186916, 8294596
MODE:DATA_LOG
187016, 8294585
MODE:DATA_LOG
187116, 8294581
MODE:DATA_LOG
187216, 8294578
MODE:DATA_LOG
187316, 8294592
MODE:DATA_LOG
187416, 8294593
MODE:DATA_LOG
187516, 8294580
MODE:DATA_LOG
187616, 8294564
MODE:DATA_LOG
187716, 8294576
MODE:DATA_LOG
187816, 8294579
MODE:DATA_LOG
187916, 8294606
MODE:DATA_LOG
188016, 8294611
MODE:DATA_LOG
188116, 8294594
MODE:DATA_LOG
188216, 4147297
MODE:DATA_LOG
188316, 8388607
MODE:DATA_LOG
188416, 8294606
MODE:DATA_LOG
188516, 4147295
MODE:DATA_LOG
188616, 0
MODE:DATA_LOG
188716, 8294595
MODE:DATA_LOG
188816, 8294595
MODE:DATA_LOG
188916, 8294566
MODE:DATA_LOG
189916, 1036826
MODE:DATA_LOG
190016, 8388607
MODE:DATA_LOG
190116, 8294576
MODE:DATA_LOG
190216, 8294571
MODE:DATA_LOG
190316, 8294557
MODE:DATA_LOG
190416, 8294588
MODE:DATA_LOG
190516, 8294585
MODE:DATA_LOG
190616, 8294586
MODE:DATA_LOG
190716, 8294584
MODE:DATA_LOG
190816, 8294579
MODE:DATA_LOG
190916, 4147289
MODE:DATA_LOG
191016, 8388607
MODE:DATA_LOG
191116, 8294583
MODE:DATA_LOG
191216, 8294575
MODE:DATA_LOG
191316, 8294560
MODE:DATA_LOG
191416, 8294548
MODE:DATA_LOG
191516, 8294555
MODE:DATA_LOG
191616, 8294566
MODE:DATA_LOG
191716, 8294582
MODE:DATA_LOG
191816, 8294579
MODE:DATA_LOG
191916, 8294571
MODE:DATA_LOG
192016, 8294580
MODE:DATA_LOG
192116, 8294559
MODE:DATA_LOG
192216, 8294549
MODE:DATA_LOG
192316, 8294558
MODE:DATA_LOG
192416, 8294563
MODE:DATA_LOG
192516, 8294562
MODE:DATA_LOG
192616, 8294564
MODE:DATA_LOG
192716, 4147283
MODE:DATA_LOG
192816, 8388607
MODE:DATA_LOG
192916, 2073643
MODE:DATA_LOG
193016, 8388607
MODE:DATA_LOG
193116, 4147272
MODE:DATA_LOG
194116, 4147283
MODE:DATA_LOG
194216, 4147287
MODE:DATA_LOG
194316, 0
MODE:DATA_LOG
194416, 8294572
MODE:DATA_LOG
194516, 8294568
MODE:DATA_LOG
194616, 8294574
MODE:DATA_LOG
194716, 8294593
MODE:DATA_LOG
194816, 8294616
MODE:DATA_LOG
194916, 8294599
MODE:DATA_LOG
195016, 8294571
MODE:DATA_LOG
195116, 8294617
MODE:DATA_LOG
195216, 8294615
MODE:DATA_LOG
195316, 8294582
MODE:DATA_LOG
195416, 4147290
MODE:DATA_LOG
195516, 8388607
MODE:DATA_LOG
195616, 8294596
MODE:DATA_LOG
195716, 8294595
MODE:DATA_LOG
195816, 8294582
MODE:DATA_LOG
195916, 8294577
MODE:DATA_LOG
196016, 8294576
MODE:DATA_LOG
196116, 8294566
MODE:DATA_LOG
196216, 8294587
MODE:DATA_LOG
196316, 8294583
MODE:DATA_LOG
196416, 4147291
MODE:DATA_LOG
196516, 8388607
MODE:DATA_LOG
196616, 8294585
MODE:DATA_LOG
196716, 8294593
MODE:DATA_LOG
196816, 8294572
MODE:DATA_LOG
196916, 512535
MODE:DATA_LOG
197016, 0
MODE:DATA_LOG
197116, 8294575
MODE:DATA_LOG
197216, 4147286
MODE:DATA_LOG
197316, 8388607
MODE:DATA_LOG
198316, 8294569
MODE:DATA_LOG
198416, 8294572
MODE:DATA_LOG
198516, 518411
MODE:DATA_LOG
198616, 8294580
MODE:DATA_LOG
198716, 8294583
MODE:DATA_LOG
198816, 8294581
MODE:DATA_LOG
198916, 8294563
MODE:DATA_LOG
199016, 4147288
MODE:DATA_LOG
199116, 0
MODE:DATA_LOG
199216, 8294572
MODE:DATA_LOG
199316, 518412
MODE:DATA_LOG
199416, 5242879
MODE:DATA_LOG
199516, 4147308
MODE:DATA_LOG
199616, 0
MODE:DATA_LOG
199716, 8294573
MODE:DATA_LOG
199816, 8294581
MODE:DATA_LOG
199916, 8294570
MODE:DATA_LOG
200016, 8294578
MODE:DATA_LOG
200116, 8294583
MODE:DATA_LOG
200216, 8294576
MODE:DATA_LOG
200316, 8294565
MODE:DATA_LOG
200416, 1036823
MODE:DATA_LOG
200516, 6291455
MODE:DATA_LOG
200616, 518411
MODE:DATA_LOG
200716, 0
MODE:DATA_LOG
200816, 2073653
MODE:DATA_LOG
200916, 1048575
MODE:DATA_LOG
201016, 8294594
MODE:DATA_LOG
201116, 8294597
MODE:DATA_LOG
201216, 8294581
MODE:DATA_LOG
201316, 8294606
MODE:DATA_LOG
201416, 8294575
MODE:DATA_LOG
201516, 8294561
MODE:DATA_LOG
202516, 4147283
MODE:DATA_LOG
202616, 8388607
MODE:DATA_LOG
202716, 8294575
MODE:DATA_LOG
202816, 8294572
MODE:DATA_LOG
202916, 8294586
MODE:DATA_LOG
203016, 8294580
MODE:DATA_LOG
203116, 8294585
MODE:DATA_LOG
203216, 8294588
MODE:DATA_LOG
203316, 8294589
MODE:DATA_LOG
203416, 8294575
MODE:DATA_LOG
203516, 8294562
MODE:DATA_LOG
203616, 8294569
MODE:DATA_LOG
203716, 4147294
MODE:DATA_LOG
203816, 2097151
MODE:DATA_LOG
203916, 8294590
MODE:DATA_LOG
204016, 8294587
MODE:DATA_LOG
204116, 8294572
MODE:DATA_LOG
204216, 8294584
MODE:DATA_LOG
204316, 8294593
MODE:DATA_LOG
204416, 8294594
MODE:DATA_LOG
204516, 8294581
MODE:DATA_LOG
204616, 8294573
MODE:DATA_LOG
204716, 8294587
MODE:DATA_LOG
204816, 8294573
MODE:DATA_LOG
204916, 8294585
MODE:DATA_LOG
205016, 1036823
MODE:DATA_LOG
205116, 0
MODE:DATA_LOG
205216, 8294563
MODE:DATA_LOG
205316, 8294575
MODE:DATA_LOG
205416, 8294605
MODE:DATA_LOG
205516, 8294598
MODE:DATA_LOG
205616, 8294586
MODE:DATA_LOG
205716, 8294590
MODE:DATA_LOG
205816, 8294595
MODE:DATA_LOG
205916, 8294593
MODE:DATA_LOG
206016, 8294586
MODE:DATA_LOG
206116, 8294570
MODE:DATA_LOG
206216, 8294576
MODE:DATA_LOG
206316, 8294567
MODE:DATA_LOG
206416, 8294579
MODE:DATA_LOG
206516, 8294582
MODE:DATA_LOG
206616, 8294585
MODE:DATA_LOG
206716, 8294568
MODE:DATA_LOG
206816, 8294571
MODE:DATA_LOG
206916, 8294582
MODE:DATA_LOG
207016, 8294577
MODE:DATA_LOG
207116, 8294592
MODE:DATA_LOG
207216, 8294597
MODE:DATA_LOG
207316, 8294584
MODE:DATA_LOG
207416, 0
MODE:DATA_LOG
207516, 0
MODE:DATA_LOG
207616, 0
MODE:DATA_LOG
207716, 0
MODE:DATA_LOG
207816, 2898
MODE:DATA_LOG
207916, 0
MODE:DATA_LOG
208916, 5171
MODE:DATA_LOG
209016, 0
MODE:DATA_LOG
209116, 0
MODE:DATA_LOG
209216, 0
MODE:DATA_LOG
209316, 0
MODE:DATA_LOG
209416, 8294553
MODE:DATA_LOG
209516, 8294560
MODE:DATA_LOG
209616, 8294575
MODE:DATA_LOG
209716, 8294585
MODE:DATA_LOG
209816, 8294563
MODE:DATA_LOG
209916, 8294583
MODE:DATA_LOG
210016, 8294581
MODE:DATA_LOG
210116, 8294589
MODE:DATA_LOG
210216, 4147293
MODE:DATA_LOG
210316, 8388607
MODE:DATA_LOG
210416, 8294592
MODE:DATA_LOG
210516, 8294589
MODE:DATA_LOG
210616, 8294578
MODE:DATA_LOG
210716, 8294591
MODE:DATA_LOG
210816, 8294568
MODE:DATA_LOG
210916, 8294582
MODE:DATA_LOG
211016, 8294588
MODE:DATA_LOG
211116, 8294577
MODE:DATA_LOG
211216, 8294604
MODE:DATA_LOG
211316, 8294616
MODE:DATA_LOG
211416, 4147292
MODE:DATA_LOG
211516, 0
MODE:DATA_LOG
211616, 8294578
MODE:DATA_LOG
211716, 8294578
MODE:DATA_LOG
211816, 8294573
MODE:DATA_LOG
211916, 8294566
MODE:DATA_LOG
212016, 8294573
MODE:DATA_LOG
212116, 8294582
MODE:DATA_LOG
213116, 8294568
MODE:DATA_LOG
213216, 8294565
MODE:DATA_LOG
213316, 8294589
MODE:DATA_LOG
213416, 8294589
MODE:DATA_LOG
213516, 8294595
MODE:DATA_LOG
213616, 8294592
MODE:DATA_LOG
213716, 8294566
MODE:DATA_LOG
213816, 8294564
MODE:DATA_LOG
213916, 1036823
MODE:DATA_LOG
214016, 0
MODE:DATA_LOG
214116, 2073648
MODE:DATA_LOG
214216, 4194303
MODE:DATA_LOG
214316, 8294587
MODE:DATA_LOG
214416, 1036823
MODE:DATA_LOG
214516, 524287
MODE:DATA_LOG
214616, 8294576
MODE:DATA_LOG
214716, 8294584
MODE:DATA_LOG
214816, 8294605
MODE:DATA_LOG
214916, 8294589
MODE:DATA_LOG
215016, 8294563
MODE:DATA_LOG
215116, 8294574
MODE:DATA_LOG
215216, 8294575
MODE:DATA_LOG
215316, 8294584
MODE:DATA_LOG
215416, 8294595
MODE:DATA_LOG
215516, 8294584
MODE:DATA_LOG
215616, 8294581
MODE:DATA_LOG
215716, 8294569
MODE:DATA_LOG
215816, 4147282
MODE:DATA_LOG
215916, 0
MODE:DATA_LOG
216016, 8294588
MODE:DATA_LOG
216116, 8294566
MODE:DATA_LOG
216216, 4147290
MODE:DATA_LOG
216316, 8388607
MODE:DATA_LOG
217316, 8294590
MODE:DATA_LOG
217416, 8294584
MODE:DATA_LOG
217516, 8294585
MODE:DATA_LOG
217616, 4147294
MODE:DATA_LOG
217716, 0
MODE:DATA_LOG
217816, 8294599
MODE:DATA_LOG
217916, 8294589
MODE:DATA_LOG
218016, 4147296
MODE:DATA_LOG
218116, 8388607
MODE:DATA_LOG
218216, 8294593
MODE:DATA_LOG
218316, 8294591
MODE:DATA_LOG
218416, 8294581
MODE:DATA_LOG
218516, 8294561
MODE:DATA_LOG
218616, 8294567
MODE:DATA_LOG
218716, 1036823
MODE:DATA_LOG
218816, 0
MODE:DATA_LOG
218916, 8294575
MODE:DATA_LOG
219016, 8294599
MODE:DATA_LOG
219116, 8294595
MODE:DATA_LOG
219216, 4147290
MODE:DATA_LOG
219316, 0
MODE:DATA_LOG
219416, 4147298
MODE:DATA_LOG
219516, 8388607
MODE:DATA_LOG
219616, 8294593
MODE:DATA_LOG
219716, 8294585
MODE:DATA_LOG
219816, 1036823
MODE:DATA_LOG
219916, 524287
MODE:DATA_LOG
220016, 4147290
MODE:DATA_LOG
220116, 0
MODE:DATA_LOG
220216, 8294578
MODE:DATA_LOG
220316, 8294584
MODE:DATA_LOG
220416, 1036824
MODE:DATA_LOG
220516, 4194303
MODE:DATA_LOG
221516, 4147297
MODE:DATA_LOG
221616, 0
MODE:DATA_LOG
221716, 8294584
MODE:DATA_LOG
221816, 8294586
MODE:DATA_LOG
221916, 8294589
MODE:DATA_LOG
222016, 518411
MODE:DATA_LOG
222116, 524287
MODE:DATA_LOG
222216, 8294581
MODE:DATA_LOG
222316, 8294589
MODE:DATA_LOG
222416, 8294591
MODE:DATA_LOG
222516, 8294589
MODE:DATA_LOG
222616, 8294600
MODE:DATA_LOG
222716, 8294590
MODE:DATA_LOG
222816, 8294591
MODE:DATA_LOG
222916, 4147298
MODE:DATA_LOG
223016, 0
MODE:DATA_LOG
223116, 8294589
MODE:DATA_LOG
223216, 8294574
MODE:DATA_LOG
223316, 8294580
MODE:DATA_LOG
223416, 4147297
MODE:DATA_LOG
223516, 8388607
MODE:DATA_LOG
223616, 4147291
MODE:DATA_LOG
223716, 8388607
MODE:DATA_LOG
223816, 518412
MODE:DATA_LOG
223916, 524287
MODE:DATA_LOG
224016, 8294582
MODE:DATA_LOG
224116, 8294593
MODE:DATA_LOG
224216, 4147291
MODE:DATA_LOG
224316, 8388607
MODE:DATA_LOG
224416, 8294561
MODE:DATA_LOG
224516, 8294575
MODE:DATA_LOG
224616, 8294607
MODE:DATA_LOG
224716, 8294601
MODE:DATA_LOG
225716, 8294572
MODE:DATA_LOG
225816, 8294585
MODE:DATA_LOG
225916, 8294603
MODE:DATA_LOG
226016, 8294600
MODE:DATA_LOG
226116, 8294571
MODE:DATA_LOG
226216, 8294561
MODE:DATA_LOG
226316, 8294563
MODE:DATA_LOG
226416, 8294563
MODE:DATA_LOG
226516, 2073644
MODE:DATA_LOG
226616, 8294576
MODE:DATA_LOG
226716, 8294593
MODE:DATA_LOG
226816, 8294570
MODE:DATA_LOG
226916, 4147282
MODE:DATA_LOG
227016, 0
MODE:DATA_LOG
227116, 8294580
MODE:DATA_LOG
227216, 8294563
MODE:DATA_LOG
227316, 4147291
MODE:DATA_LOG
227416, 8388607
MODE:DATA_LOG
227516, 8294568
MODE:DATA_LOG
227616, 4147291
MODE:DATA_LOG
227716, 4194303
MODE:DATA_LOG
227816, 8294569
MODE:DATA_LOG
227916, 8294595
MODE:DATA_LOG
228016, 8294576
MODE:DATA_LOG
228116, 8294574
MODE:DATA_LOG
228216, 8294578
MODE:DATA_LOG
228316, 0
MODE:DATA_LOG
228416, 8294571
MODE:DATA_LOG
228516, 8294583
MODE:DATA_LOG
228616, 4147293
MODE:DATA_LOG
228716, 8388607
MODE:DATA_LOG
228816, 8294582
MODE:DATA_LOG
228916, 8294582
MODE:DATA_LOG
229916, 8294565
MODE:DATA_LOG
230016, 8294562
MODE:DATA_LOG
230116, 8294487
MODE:DATA_LOG
230216, 8388607
MODE:DATA_LOG
230316, 8294279
MODE:DATA_LOG
230416, 8294322
MODE:DATA_LOG
230516, 8294357
MODE:DATA_LOG
230616, 2073604
MODE:DATA_LOG
230716, 4194303
MODE:DATA_LOG
230816, 8294415
MODE:DATA_LOG
230916, 8388607
MODE:DATA_LOG
231016, 8294501
MODE:DATA_LOG
231116, 8294510
MODE:DATA_LOG
231216, 1036815
MODE:DATA_LOG
231316, 2097151
MODE:DATA_LOG
231416, 8294547
MODE:DATA_LOG
231516, 8294563
MODE:DATA_LOG
231616, 4147282
MODE:DATA_LOG
231716, 0
MODE:DATA_LOG
231816, 4147287
MODE:DATA_LOG
231916, 2073644
